<?xml version="1.0" encoding="UTF-8"?>
<project-private xmlns="http://www.netbeans.org/ns/project-private/1">
    <editor-bookmarks xmlns="http://www.netbeans.org/ns/editor-bookmarks/2" lastBookmarkId="0"/>
    <open-files xmlns="http://www.netbeans.org/ns/projectui-open-files/2">
        <group>
            <file>file:/C:/Users/Moon%20Awan/OneDrive/Documents/NetBeansProjects/SCDlabP/test/loginvalidator/LoginValidatorTest.java</file>
            <file>file:/C:/Users/Moon%20Awan/OneDrive/Documents/NetBeansProjects/SCDlabP/web/loginJSPFile.jsp</file>
            <file>file:/C:/Users/Moon%20Awan/OneDrive/Documents/NetBeansProjects/SCDlabP/web/dashBoard.jsp</file>
            <file>file:/C:/Users/Moon%20Awan/OneDrive/Documents/NetBeansProjects/SCDlabP/web/login.jsp</file>
            <file>file:/C:/Users/Moon%20Awan/OneDrive/Documents/NetBeansProjects/SCDlabP/web/findItem.jsp</file>
            <file>file:/C:/Users/Moon%20Awan/OneDrive/Documents/NetBeansProjects/SCDlabP/web/loginValidate.jsp</file>
            <file>file:/C:/Users/Moon%20Awan/OneDrive/Documents/NetBeansProjects/SCDlabP/src/java/loginvalidator/LoginValidator.java</file>
            <file>file:/C:/Users/Moon%20Awan/OneDrive/Documents/NetBeansProjects/SCDlabP/web/lostItemConnectivity.jsp</file>
        </group>
    </open-files>
</project-private>
