<?xml version="1.0" encoding="UTF-8"?>
<project-private xmlns="http://www.netbeans.org/ns/project-private/1">
    <editor-bookmarks xmlns="http://www.netbeans.org/ns/editor-bookmarks/2" lastBookmarkId="0"/>
    <open-files xmlns="http://www.netbeans.org/ns/projectui-open-files/2">
        <group>
            <file>file:/C:/Users/A/Documents/NetBeansProjects/WebApplication1/web/findItems.jsp</file>
            <file>file:/C:/Users/A/Documents/NetBeansProjects/WebApplication1/web/addFoundItems.jsp</file>
            <file>file:/C:/Users/A/Documents/NetBeansProjects/WebApplication1/web/qcon.jsp</file>
            <file>file:/C:/Users/A/Documents/NetBeansProjects/WebApplication1/web/foundItemsQuestionair.jsp</file>
            <file>file:/C:/Users/A/Documents/NetBeansProjects/WebApplication1/web/displayQuestionnaire.jsp</file>
            <file>file:/C:/Users/A/Documents/NetBeansProjects/WebApplication1/web/LostItem.jsp</file>
            <file>file:/C:/Users/A/Documents/NetBeansProjects/WebApplication1/web/foundItemsConnectivity.jsp</file>
        </group>
    </open-files>
</project-private>
